Date,Open,High,Low,Close,Volume,Amount
2017-04-12,11.67,11.67,11.67,11.67,2000,35380.00
2017-04-13,12.85,12.85,12.85,12.85,3500,68110.00
2017-04-14,14.15,14.15,14.15,14.15,4700,100627.00
2017-04-17,15.58,15.58,15.58,15.58,7200,169560.00
2017-04-18,17.15,17.15,17.15,17.15,7100,183961.00
2017-04-19,18.88,18.88,18.88,18.88,16400,467400.00
2017-04-20,20.78,20.78,20.78,20.78,11351,355853.84
2017-04-21,22.87,22.87,22.87,22.87,109700,3783553.00
2017-04-24,25.17,25.17,25.17,25.17,606851,23023926.00
2017-04-25,25.90,26.99,25.69,25.97,11493483,454913152.00
2017-04-26,26.00,27.21,25.35,25.91,8606643,341231008.00
2017-04-27,25.89,28.51,25.76,28.12,10328078,423572928.00
2017-04-28,27.38,27.88,26.78,27.21,7259204,298726144.00
2017-05-02,27.15,27.61,26.36,26.91,4251891,172316416.00
2017-05-03,26.78,27.54,26.37,27.39,5794252,236613200.00
2017-05-04,26.99,27.54,25.61,26.86,5089734,204377728.00
2017-05-05,26.48,26.75,25.57,25.87,3176320,125704192.00
2017-05-08,25.55,26.41,25.27,25.77,2336733,91257344.00
2017-05-09,25.71,26.43,25.45,26.28,2170683,85476424.00
2017-05-10,26.08,26.40,25.48,25.53,2339386,91163784.00
2017-05-11,25.21,25.61,24.08,25.51,2099437,79362280.00
2017-05-12,25.48,25.75,24.89,25.52,1537900,58746460.00
2017-05-15,25.68,26.41,25.32,26.13,2315561,90543512.00
2017-05-16,26.05,26.70,25.21,26.63,2212900,87398984.00
2017-05-17,26.68,27.88,26.21,26.63,2417560,97948384.00
2017-05-18,26.17,27.25,26.02,27.01,2199600,88907400.00
2017-05-19,26.93,27.17,26.23,26.55,1591800,63810692.00
2017-05-22,26.53,26.66,24.53,24.88,2383257,92096824.00
2017-05-23,24.55,24.88,22.38,22.38,3289468,114423048.00
2017-05-24,22.21,22.73,21.88,22.56,1239100,41749904.00
2017-05-25,22.34,22.80,21.11,22.55,1384536,46213584.00
2017-05-26,22.43,23.28,21.88,22.79,1186525,40575952.00
2017-05-31,23.55,24.48,22.63,22.71,1804125,64613260.00
2017-06-01,22.47,22.53,21.31,21.51,1364668,44988408.00
2017-06-02,21.35,22.17,21.01,21.92,958340,31373054.00
2017-06-05,22.53,22.68,22.08,22.29,906500,30614848.00
2017-06-06,21.88,23.67,21.85,23.07,1435100,49304952.00
2017-06-07,22.88,24.01,22.76,23.69,1761686,62628040.00
2017-06-08,23.70,24.01,23.23,23.68,1268084,45181736.00
2017-06-09,23.60,24.53,23.29,23.59,1057707,37648252.00
2017-06-12,23.15,23.21,22.15,22.53,1309217,44683464.00
2017-06-13,22.25,23.29,22.25,23.13,1042429,36046832.00
2017-06-14,23.22,23.35,22.65,23.19,1135000,39491500.00
2017-06-15,22.88,23.81,22.88,23.53,1361900,48280552.00
2017-06-16,23.45,24.93,23.01,24.47,2331586,84416320.00
2017-06-19,24.35,24.61,24.01,24.40,1146062,41975676.00
2017-06-20,24.25,24.58,23.98,24.25,938468,34263948.00
2017-06-21,24.23,24.55,23.87,24.00,584053,21264784.00
2017-06-22,23.91,24.07,23.26,23.29,645300,23041158.00
2017-06-23,23.21,23.83,21.89,22.65,1166000,39876936.00
2017-06-26,22.75,23.33,22.42,23.21,937100,32579924.00
2017-06-27,23.05,23.61,23.05,23.19,538123,18890912.00
2017-06-28,23.19,23.19,22.40,22.47,494006,16836220.00
2017-06-29,22.55,22.71,22.44,22.48,338800,11522346.00
2017-06-30,22.46,23.01,22.22,22.81,490168,16749198.00
2017-07-03,22.82,22.86,22.55,22.77,372800,12753769.00
2017-07-04,22.73,23.47,22.73,23.40,657700,22843292.00
2017-07-05,23.41,24.07,23.32,23.60,865829,30795846.00
2017-07-06,23.87,23.99,23.23,23.97,1104137,39448552.00
2017-07-07,24.54,25.05,24.21,24.80,2388672,88902400.00
2017-07-10,24.61,24.61,23.33,23.67,2039541,72828240.00
2017-07-11,23.61,24.07,23.15,23.19,1023800,36205084.00
2017-07-12,23.35,23.46,22.55,23.31,941731,32541392.00
2017-07-13,23.35,23.73,22.78,23.33,926602,32436434.00
2017-07-14,23.41,23.41,22.78,22.99,503902,17507094.00
2017-07-17,22.99,22.99,20.68,20.68,1125500,35770908.00
2017-07-18,19.58,19.81,18.60,19.73,2321900,67136288.00
2017-07-19,19.19,19.69,18.81,19.69,1348004,39085320.00
2017-07-20,19.57,20.88,19.25,20.74,2443004,74578408.00
2017-07-21,21.88,22.22,20.31,20.31,7661307,249419760.00
2017-07-24,19.27,19.38,18.27,19.28,3437563,97766632.00
2017-07-25,19.09,19.55,18.62,19.20,2273546,65497236.00
2017-07-26,19.16,19.17,18.55,18.75,1521726,43255096.00
2017-07-27,18.57,19.38,18.35,19.22,2216359,63428028.00
2017-07-28,19.12,19.21,18.75,18.79,1417459,40482412.00
2017-07-31,18.86,18.96,18.64,18.76,923600,26230512.00
2017-08-01,18.80,18.88,18.50,18.81,867936,24526820.00
2017-08-02,18.85,18.85,18.32,18.67,1132091,31761992.00
2017-08-03,18.53,18.89,18.47,18.67,990600,27990354.00
2017-08-04,18.68,18.76,18.35,18.63,1078500,30179584.00
2017-08-07,18.80,18.81,18.58,18.81,907109,25636268.00
2017-08-08,18.97,18.97,18.56,18.69,800827,22626966.00
2017-08-09,18.71,18.71,18.41,18.48,696200,19482556.00
2017-08-10,18.39,18.55,17.77,17.91,1349212,36779876.00
2017-08-11,17.55,17.67,17.12,17.12,948069,24935902.00
2017-08-14,17.04,17.41,17.04,17.38,1486545,38747288.00
2017-08-15,17.55,17.74,17.45,17.63,1284721,34109248.00
2017-08-16,17.65,18.09,17.63,17.99,1347112,36398420.00
2017-08-17,17.98,17.98,17.75,17.85,1048800,28332854.00
2017-08-18,17.77,17.94,17.72,17.77,766918,20607776.00
2017-08-21,17.82,18.27,17.82,18.18,1128009,30805342.00
2017-08-22,18.18,18.40,18.09,18.25,1153800,31765856.00
2017-08-23,18.28,18.88,18.15,18.62,1939718,54131532.00
2017-08-24,18.69,19.53,18.51,18.79,3366030,96868432.00
2017-08-25,18.55,19.41,18.25,19.30,3856412,110300864.00
2017-08-28,19.41,20.47,19.41,20.21,3419799,103048040.00
2017-08-29,20.49,21.25,20.02,20.62,4110118,127905064.00
2017-08-30,20.93,22.17,20.41,21.91,4399752,142479696.00
2017-08-31,21.91,22.12,21.55,21.87,2841063,93349992.00
2017-09-01,21.91,22.53,21.75,22.27,2650587,88250744.00
2017-09-04,22.18,22.18,21.28,21.68,1684149,54762748.00
2017-09-05,21.59,21.79,21.27,21.55,809900,26284480.00
2017-09-06,21.38,21.58,21.05,21.50,689072,22187844.00
2017-09-07,21.48,21.75,21.21,21.31,722000,23474724.00
2017-09-08,21.18,21.39,20.78,21.06,849200,26991988.00
2017-09-11,21.06,21.78,21.03,21.78,1006115,32501388.00
2017-09-12,21.84,22.21,21.33,21.53,1280800,42087508.00
2017-09-13,21.71,21.71,21.29,21.53,543500,17586526.00
2017-09-14,21.52,21.61,21.21,21.21,697400,22507332.00
2017-09-15,21.15,21.61,20.98,21.08,1612096,51510304.00
2017-09-18,20.87,21.21,20.08,20.88,1244700,38449616.00
2017-09-19,20.65,21.21,20.65,21.02,727300,23025596.00
2017-09-20,21.02,21.35,20.81,21.26,894763,28547214.00
2017-09-21,21.39,21.61,21.19,21.61,1070453,34704060.00
2017-09-22,21.59,22.00,21.28,21.65,753900,24628610.00
2017-09-25,21.55,22.00,21.28,21.85,1075500,35342352.00
2017-09-26,21.63,21.80,20.55,20.72,919700,28960526.00
2017-09-27,20.55,21.40,20.44,21.34,727200,23070456.00
2017-09-28,21.29,21.35,20.95,21.21,344149,10977611.00
2017-09-29,21.22,21.28,21.10,21.21,272800,8723890.00
2017-10-09,21.56,21.67,21.24,21.42,314000,10143910.00
2017-10-10,21.42,22.90,21.42,22.85,1020900,33936728.00
2017-10-11,22.75,22.81,21.89,22.24,1200100,40256596.00
2017-10-12,22.35,22.79,22.03,22.55,883500,30005620.00
2017-10-13,22.53,24.75,22.15,23.89,1695999,60163272.00
2017-10-16,24.35,24.35,23.13,23.57,1439199,51297456.00
2017-10-17,23.57,23.81,23.25,23.61,549700,19551836.00
2017-10-18,23.43,23.75,23.40,23.47,594300,21109072.00
2017-10-19,23.28,23.59,22.76,22.76,583100,20266082.00
2017-10-20,22.60,23.54,22.55,23.40,636300,22065274.00
2017-10-23,23.51,23.55,23.21,23.48,266185,9404446.00
2017-10-24,23.57,23.57,22.37,22.38,593318,20413114.00
2017-10-25,22.46,22.77,22.01,22.75,842900,28490054.00
2017-10-26,22.75,23.09,22.61,22.73,563994,19430926.00
2017-10-27,22.73,23.00,20.44,22.13,644309,21842708.00
2017-10-30,21.81,22.11,20.65,21.51,786000,25510216.00
2017-10-31,21.53,22.10,21.22,21.91,391901,12848304.00
2017-11-01,21.75,22.47,21.53,22.28,520202,17449610.00
2017-11-02,22.28,22.47,21.89,22.04,395400,13167332.00
2017-11-03,22.10,22.10,21.23,21.35,369600,12012680.00
2017-11-06,21.35,22.13,21.35,21.88,523900,17177940.00
2017-11-07,22.01,22.53,21.69,22.28,601818,20042044.00
2017-11-08,22.23,22.61,22.21,22.37,954818,32266382.00
2017-11-09,22.36,22.48,22.17,22.37,415700,14006970.00
2017-11-10,22.45,22.70,22.17,22.65,674800,22851620.00
2017-11-13,22.66,23.01,22.47,22.84,616684,21116580.00
2017-11-14,22.63,23.20,22.60,23.17,670017,23137072.00
2017-11-15,23.13,24.68,22.90,24.04,1953708,70611784.00
2017-11-16,24.21,24.55,22.55,22.81,1817493,65307104.00
2017-11-17,22.52,22.55,21.21,21.39,1375397,45324044.00
2017-11-20,21.21,21.39,19.88,20.61,774000,24224172.00
2017-11-21,20.41,20.68,19.95,20.19,832025,25412416.00
2017-11-22,20.05,20.54,20.01,20.31,462223,14171252.00
2017-11-23,20.31,20.46,19.55,19.55,464611,14081575.00
2017-11-24,19.23,20.55,18.92,20.55,420900,12457787.00
2017-11-27,20.13,20.55,19.55,20.41,283600,8545516.00
2017-11-28,20.08,20.31,19.94,20.25,199300,6072119.00
2017-11-29,20.09,20.23,19.61,20.18,330700,9962997.00
2017-11-30,19.92,20.55,19.92,20.49,349600,10645715.00
2017-12-01,20.34,20.51,20.11,20.35,290400,8906615.00
2017-12-04,20.07,20.26,19.33,19.72,437200,12977656.00
2017-12-05,19.50,19.87,18.95,19.21,550300,15882029.00
2017-12-06,19.01,19.17,18.35,18.91,485400,13748152.00
2017-12-07,18.79,19.18,18.60,18.74,629036,17872808.00
2017-12-08,18.73,19.11,18.64,19.01,403536,11532874.00
2017-12-11,18.95,19.30,18.78,19.21,254600,7333689.00
2017-12-12,19.21,19.38,18.68,18.68,215700,6171499.00
2017-12-13,18.65,18.98,18.37,18.87,275900,7776151.00
2017-12-14,18.86,19.05,18.69,18.90,222500,6335847.00
2017-12-15,18.89,19.01,18.66,18.88,231400,6581778.00
2017-12-18,19.17,19.17,18.55,18.57,207000,5840767.00
2017-12-19,18.43,18.73,18.43,18.73,227000,6392307.00
2017-12-20,18.65,18.70,18.45,18.45,130400,3647954.00
2017-12-21,18.21,18.75,18.00,18.39,312700,8695498.00
2017-12-22,18.33,18.47,18.21,18.23,210900,5828000.00
2017-12-25,18.29,18.29,17.41,17.55,228447,6098292.00
2017-12-26,17.54,18.20,17.37,18.07,423300,11439364.00
2017-12-27,18.09,18.35,17.93,18.11,239047,6545901.50
2017-12-28,17.95,18.36,17.75,18.12,285300,7828259.00
2017-12-29,18.18,19.08,18.05,18.81,426800,11936212.00
2018-01-02,19.13,19.13,18.50,18.61,399400,11238771.00
2018-01-03,18.71,18.71,18.33,18.63,270800,7559968.00
2018-01-04,18.47,18.68,18.36,18.55,205500,5739641.00
2018-01-05,18.44,20.39,18.44,18.95,621501,17851822.00
2018-01-08,18.93,19.05,18.50,18.92,394300,11175386.00
2018-01-09,18.92,19.41,18.76,19.01,349300,10038473.00
2018-01-10,18.93,19.02,17.98,18.17,487017,13502778.00
2018-01-11,18.20,18.53,18.02,18.47,371700,10319597.00
2018-01-12,18.47,18.54,18.25,18.43,266800,7417932.00
2018-01-15,18.27,18.42,17.29,17.80,446000,11973758.00
2018-01-16,17.60,18.46,17.35,18.01,337617,9171714.00
2018-01-17,18.01,18.51,17.75,18.39,425100,11649665.00
2018-01-18,18.40,18.53,18.21,18.41,295200,8181625.50
2018-01-19,18.38,18.69,17.95,18.15,322935,8973664.00
2018-01-22,18.02,18.21,17.72,17.98,310600,8393073.00
2018-01-23,18.08,18.25,17.80,18.00,311200,8443750.00
2018-01-24,18.15,18.36,17.95,18.28,543417,14936351.00
2018-01-25,18.15,18.92,18.15,18.75,1126101,31867788.00
2018-01-26,18.45,18.99,18.08,18.80,670584,19044940.00
2018-01-29,18.81,19.17,18.71,18.93,635100,18200640.00
2018-01-30,18.85,18.95,18.72,18.88,300800,8569968.00
2018-01-31,18.88,19.01,18.20,18.68,337900,9434003.00
2018-02-01,18.55,18.61,17.21,18.30,503917,13754244.00
2018-02-02,17.94,18.13,17.48,17.75,112117,3017832.25
2018-02-05,17.46,17.97,17.42,17.74,128500,3412425.00
2018-02-06,17.38,17.71,16.09,17.15,290147,7446541.50
2018-02-07,16.77,17.35,16.30,17.11,198800,5075873.00
2018-02-08,17.10,17.43,16.81,17.42,240286,6273570.00
2018-02-09,17.25,17.76,16.88,17.68,346516,9158829.00
2018-02-12,17.64,18.12,17.53,18.08,190700,5147948.00
2018-02-13,18.11,18.53,17.87,18.47,273200,7574238.00
2018-02-14,18.27,19.01,18.27,18.49,162200,4521639.00
2018-02-22,18.81,19.21,18.53,19.13,833600,23918604.00
2018-02-23,18.91,19.07,18.68,18.88,297300,8440438.00
2018-02-26,18.89,19.60,18.89,19.58,565200,16591046.00
2018-02-27,19.58,19.85,19.28,19.55,568786,16848990.00
2018-02-28,19.54,19.88,19.12,19.35,1093017,32393338.00
2018-03-01,19.45,19.87,19.10,19.35,2330117,68928656.00
2018-03-02,19.18,19.64,19.18,19.55,2245100,66239744.00
2018-03-05,19.55,21.45,19.46,20.38,2044800,62309032.00
2018-03-06,20.38,22.21,20.08,22.11,4548485,145121888.00
2018-03-07,22.40,22.40,19.89,19.97,5165998,156371824.00
2018-03-08,19.17,19.52,18.81,19.01,2619000,75278120.00
2018-03-09,18.89,19.19,18.61,18.93,1737498,49435672.00
2018-03-12,19.00,19.72,18.93,19.31,1595415,46250168.00
2018-03-13,19.08,19.36,19.01,19.19,1238400,35828184.00
2018-03-14,19.10,19.20,18.61,18.71,1043800,29756724.00
2018-03-15,18.55,18.55,17.69,18.02,1014500,27724226.00
2018-03-16,18.02,18.23,17.88,17.93,465315,12721569.00
2018-03-19,17.93,18.52,17.93,18.31,702811,19465966.00
2018-03-20,18.22,18.76,18.22,18.65,880600,24733680.00
2018-03-21,18.82,19.21,18.80,18.83,1409900,40376640.00
2018-03-22,18.88,19.52,18.88,19.51,1482200,43047116.00
2018-03-23,19.00,19.15,17.55,18.95,1532500,42315300.00
2018-03-26,17.04,17.61,17.04,17.46,1841800,47859624.00
2018-03-27,17.46,17.87,17.21,17.58,1856700,49219248.00
2018-03-28,17.41,17.65,16.99,17.01,1150200,30108326.00
2018-03-29,17.21,17.45,17.07,17.37,798600,20845004.00
2018-03-30,17.58,18.08,17.41,17.63,1302538,34822388.00
2018-04-02,17.52,17.81,17.45,17.63,1076400,28564084.00
2018-04-03,17.45,17.58,17.27,17.41,813900,21419732.00
2018-04-04,17.61,17.71,17.41,17.47,873100,23160366.00
2018-04-09,17.32,17.64,17.11,17.58,831299,21935686.00
2018-04-10,17.55,17.72,17.17,17.39,773600,20377916.00
2018-04-11,17.32,17.85,17.32,17.78,1078910,28791574.00
2018-04-12,17.83,18.43,17.61,18.41,1862272,50861512.00
2018-04-13,17.96,18.41,17.71,18.29,1541573,41912500.00
2018-04-16,18.35,18.35,17.82,17.88,643373,17464572.00
2018-04-17,17.71,18.10,16.83,17.01,752100,19716644.00
2018-04-18,17.21,17.27,16.41,16.89,600500,15208600.00
2018-04-19,16.91,17.04,16.77,16.83,397900,10140088.00
2018-04-20,16.84,16.84,16.14,16.27,432900,10754200.00
2018-04-23,16.27,16.41,16.14,16.31,238300,5864807.00
2018-04-24,16.48,16.88,16.36,16.78,403800,10197885.00
2018-04-25,16.67,16.98,16.63,16.81,330500,8396972.00
2018-04-26,16.57,16.88,16.29,16.37,302700,7567665.00
2018-04-27,16.30,16.49,16.15,16.29,234600,5786969.00
2018-05-02,16.32,16.45,15.67,15.75,440600,10621099.00
2018-05-03,15.79,16.91,14.95,16.71,828400,20298218.00
2018-05-04,16.35,16.51,16.13,16.13,432500,10680342.00
2018-05-07,16.13,16.60,16.13,16.43,328784,8153803.00
2018-05-08,16.78,16.78,16.49,16.75,450700,11350190.00
2018-05-09,16.71,17.15,16.67,16.83,477600,12192677.00
2018-05-10,17.00,17.11,16.81,16.97,345373,8847686.00
2018-05-11,16.96,17.41,16.59,16.74,591700,15230598.00
2018-05-14,16.73,16.93,15.21,16.38,398300,9957956.00
2018-05-15,16.46,16.90,16.46,16.81,356700,9005806.00
2018-05-16,16.81,16.97,16.62,16.69,328300,8321777.00
2018-05-17,16.79,16.79,16.62,16.69,323400,8149416.00
2018-05-18,16.73,16.79,16.52,16.70,489800,12323211.00
2018-05-21,16.70,17.19,16.70,17.17,527467,13551392.00
2018-05-22,17.46,17.99,17.46,17.80,1213367,32506236.00
2018-05-23,17.47,17.75,17.27,17.43,694840,18292466.00
2018-05-24,17.29,17.46,17.23,17.24,458500,11993965.00
2018-05-25,17.19,17.48,16.95,17.39,499400,12974567.00
2018-05-28,17.09,17.52,17.09,17.46,536400,14019378.00
2018-05-29,17.48,18.05,17.27,17.47,726202,19377342.00
2018-05-30,17.08,17.08,15.80,16.01,715500,17766588.00
2018-05-31,16.46,16.46,16.08,16.35,353873,8707356.00
2018-06-01,16.46,16.88,16.17,16.23,514958,12834247.00
2018-06-04,16.31,16.51,15.79,15.97,536400,12963447.00
2018-06-05,15.97,16.41,15.88,16.29,785600,19128942.00
2018-06-06,16.45,16.54,16.23,16.54,685584,17015810.00
2018-06-07,16.55,16.59,16.06,16.15,523500,12876338.00
2018-06-08,16.08,16.12,15.65,15.87,544100,13043588.00
2018-06-11,15.72,16.21,15.68,15.72,472100,11345366.00
2018-06-12,15.86,15.86,15.33,15.74,459300,10846215.00
2018-06-13,15.74,15.74,15.06,15.07,594500,13749139.00
2018-06-14,14.81,15.29,14.79,15.12,255000,5819543.00
2018-06-15,15.07,15.25,14.17,14.17,636385,14032950.00
2018-06-19,13.92,13.92,12.75,12.75,627600,12568670.00
2018-06-20,12.71,13.38,12.52,13.09,495800,9745099.00
2018-06-21,13.23,13.57,12.64,13.48,721458,14287169.00
2018-06-22,13.25,14.21,13.05,14.01,1084297,22635368.00
2018-06-25,13.89,14.13,13.57,13.59,514300,10668552.00
2018-06-26,13.63,13.88,13.27,13.72,313600,6457133.00
2018-06-27,13.63,13.79,13.59,13.61,291900,6038303.00
2018-06-28,13.67,13.76,13.31,13.31,328797,6750755.00
2018-06-29,13.37,13.91,13.32,13.72,362282,7448588.50
2018-07-02,13.72,13.88,13.29,13.49,306300,6270359.00
2018-07-03,13.32,13.86,13.29,13.76,405700,8364134.00
2018-07-04,13.61,13.77,13.15,13.25,462283,9334510.00
2018-07-05,13.15,13.39,12.69,12.85,341600,6751465.00
2018-07-06,12.91,13.15,12.62,13.00,389500,7572678.00
2018-07-09,13.04,13.31,13.03,13.25,195600,3901252.00
2018-07-10,13.25,13.45,13.13,13.37,322683,6471211.50
2018-07-11,13.35,13.35,12.71,12.86,292585,5730843.00
2018-07-12,13.19,13.39,12.94,13.27,369000,7361960.00
2018-07-13,13.37,13.49,13.23,13.35,339000,6828694.00
2018-07-16,13.27,13.45,13.21,13.33,195000,3913835.00
2018-07-17,13.33,13.35,12.92,13.31,256400,5098749.00
2018-07-18,13.31,13.56,13.17,13.17,517500,10411623.00
2018-07-19,13.29,13.29,12.73,12.85,490200,9561622.00
2018-07-20,12.85,13.25,12.79,13.13,399300,7810129.00
2018-07-23,13.13,13.25,13.01,13.16,322700,6389674.00
2018-07-24,13.25,13.49,13.09,13.42,357000,7209843.00
2018-07-25,13.45,13.65,13.35,13.44,488100,9935597.00
2018-07-26,13.44,13.56,13.37,13.49,447900,9104664.00
2018-07-27,13.64,13.65,13.37,13.45,344000,7020158.00
2018-07-30,13.37,13.49,13.05,13.11,263400,5277989.00
2018-07-31,13.88,14.43,13.88,14.43,3092209,67095528.00
2018-08-01,13.45,14.51,13.45,14.45,3339006,71111800.00
2018-08-02,13.99,14.35,13.63,14.15,1852215,39142104.00
2018-08-03,14.01,14.45,13.47,13.54,1445400,30051174.00
2018-08-06,13.53,13.53,12.18,12.18,1915236,36253560.00
2018-08-07,12.18,12.35,11.69,12.28,1194131,21835570.00
2018-08-08,12.25,12.29,11.81,11.88,865767,15740613.00
2018-08-09,11.88,12.23,11.66,12.15,682500,12487410.00
2018-08-10,12.05,12.52,11.99,12.34,524000,9712532.00
2018-08-13,12.25,12.40,11.99,12.35,421328,7789479.50
2018-08-14,12.32,13.09,12.32,12.59,767824,14704750.00
2018-08-15,12.46,12.53,11.95,12.15,538700,9970436.00
2018-08-16,12.04,12.71,11.69,12.47,1265200,23825340.00
2018-08-17,12.72,13.22,12.51,12.66,1390400,26812322.00
2018-08-20,12.37,12.55,11.84,12.37,753900,13903791.00
2018-08-21,12.33,12.46,12.05,12.32,401100,7421848.00
2018-08-22,12.30,12.30,11.94,12.05,272418,4982855.00
2018-08-23,12.00,12.18,12.00,12.09,210918,3854200.75
2018-08-24,12.15,12.18,12.03,12.09,256518,4682743.50
2018-08-27,12.09,12.36,12.08,12.29,390600,7195852.00
2018-08-28,12.28,12.32,12.16,12.24,260067,4804897.00
2018-08-29,12.24,12.25,12.13,12.14,191467,3518355.50
2018-08-30,12.15,12.23,11.99,11.99,257900,4726102.00
2018-08-31,12.04,12.11,11.63,11.63,510028,9091239.00
2018-09-03,11.61,11.74,10.97,11.28,473400,8038464.00
2018-09-04,11.32,11.42,11.19,11.33,533300,9104163.00
2018-09-05,11.31,11.38,10.99,11.17,438900,7473050.00
2018-09-06,11.23,11.35,11.05,11.09,609673,10291834.00
2018-09-07,11.09,11.24,10.99,11.11,590766,9929502.00
2018-09-10,11.13,11.17,10.81,10.84,469100,7786710.00
2018-09-11,11.23,11.25,10.73,10.95,915400,15184168.00
2018-09-12,10.87,11.02,10.72,10.86,513300,8420964.00
2018-09-13,10.93,10.99,10.76,10.87,832300,13668302.00
2018-09-14,10.89,10.97,10.81,10.86,559100,9210152.00
2018-09-17,10.88,10.88,10.59,10.86,670200,10861517.00
2018-09-18,10.76,10.93,10.69,10.90,587800,9610125.00
2018-09-19,10.89,11.08,10.81,11.00,696200,11561298.00
2018-09-20,11.00,11.04,10.91,10.92,381200,6315735.00
2018-09-21,10.88,11.09,10.88,11.03,1353700,22473764.00
2018-09-25,11.01,11.10,10.93,11.03,582500,9702050.00
2018-09-26,11.05,11.14,10.99,11.05,658300,11003681.00
2018-09-27,11.06,11.07,10.66,10.71,410900,6766355.00
2018-09-28,10.71,10.83,10.71,10.77,427600,6953596.00
2018-10-08,10.59,10.65,10.27,10.29,493400,7789787.00
2018-10-09,10.29,10.45,10.26,10.30,594700,9293681.00
2018-10-10,10.32,10.55,10.30,10.54,1044500,16517236.00
2018-10-11,10.29,10.31,9.59,9.65,922100,13972793.00
2018-10-12,9.68,10.63,9.35,10.62,7214510,111018080.00
2018-10-15,10.59,11.69,10.39,11.69,8928418,147251680.00
2018-10-16,11.52,12.28,11.33,11.45,10646918,189327984.00
2018-10-17,10.99,11.83,10.99,11.59,7083700,122325552.00
2018-10-18,11.30,12.75,10.99,12.75,10986626,197416384.00
2018-10-19,11.92,13.56,11.52,12.69,11005454,206177664.00
2018-10-22,12.65,13.69,12.19,13.20,9840854,191308144.00
2018-10-23,12.72,12.72,11.92,11.95,7754697,144273536.00
2018-10-24,11.71,12.30,11.59,11.97,5324797,96257520.00
2018-10-25,11.43,11.87,11.29,11.82,4107670,71918848.00
2018-10-26,11.92,12.04,11.45,11.55,2895391,51162584.00
2018-10-29,11.42,12.72,10.73,12.72,8698291,157207760.00
2018-10-30,12.62,13.45,12.45,12.91,10338517,200488720.00
2018-10-31,12.59,13.05,12.39,12.78,7211326,139131504.00
2018-11-01,12.53,13.87,12.41,13.25,9239795,181299104.00
2018-11-02,13.02,14.59,12.84,14.59,10871916,222677648.00
2018-11-05,14.59,16.05,14.07,16.05,11930522,270009600.00
2018-11-06,16.32,17.59,15.24,16.35,12688629,311623840.00
2018-11-07,15.92,16.12,15.05,15.15,9561632,224107472.00
2018-11-08,15.15,16.41,14.49,15.93,10770460,248902608.00
2018-11-09,15.25,15.25,14.33,14.33,4798200,106701992.00
2018-11-12,13.59,14.47,13.39,14.14,6715160,141059152.00
2018-11-13,13.91,14.35,13.69,14.21,6187294,131791520.00
2018-11-14,14.07,14.42,13.85,13.93,4536800,96341968.00
2018-11-15,13.93,14.49,13.93,14.38,5242359,112867592.00
2018-11-16,14.34,14.88,14.18,14.69,6228996,137109264.00
2018-11-19,14.49,14.77,13.70,14.22,4715400,101707368.00
2018-11-20,14.03,14.41,13.86,13.96,3080800,65448872.00
2018-11-21,13.87,13.87,13.40,13.73,2313800,47608688.00
2018-11-22,13.85,13.87,13.42,13.53,2262130,46385828.00
2018-11-23,13.49,13.53,12.31,12.71,3094946,59900148.00
2018-11-26,12.62,13.82,12.31,13.76,4823371,96509368.00
2018-11-27,13.45,13.72,13.19,13.39,3433393,69654064.00
2018-11-28,13.25,13.35,12.72,13.10,1995200,39361392.00
2018-11-29,13.13,13.49,12.71,12.71,1785200,35275972.00
2018-11-30,12.61,12.80,12.37,12.63,1981700,37547028.00
2018-12-03,13.02,13.21,12.83,12.93,2129769,41913364.00
2018-12-04,12.93,13.23,12.86,13.13,1987998,39029972.00
2018-12-05,12.89,12.93,12.65,12.67,1798700,34649792.00
2018-12-06,12.73,12.81,12.47,12.49,1261900,23989644.00
2018-12-07,12.52,12.78,12.45,12.67,1061700,20189354.00
2018-12-10,12.39,12.67,12.39,12.45,812700,15363778.00
2018-12-11,12.55,13.71,12.06,13.71,4943632,98706488.00
2018-12-12,13.81,14.52,13.69,14.22,8218423,174895792.00
2018-12-13,14.01,14.07,13.72,13.87,4274870,89607336.00
2018-12-14,13.81,14.03,13.09,13.23,3569869,73221392.00
2018-12-17,13.39,14.57,12.83,14.57,6573592,138894352.00
2018-12-18,14.72,15.52,14.34,14.87,9522333,212315248.00
2018-12-19,14.78,16.36,14.36,16.36,10923985,250728128.00
2018-12-20,15.79,16.39,15.59,15.81,8897756,212627536.00
2018-12-21,15.99,16.14,15.63,15.67,7524362,179924384.00
2018-12-24,15.65,15.69,14.72,14.90,6818563,155448752.00
2018-12-25,14.71,15.61,14.42,15.16,9018243,206214944.00
2018-12-26,15.17,15.45,14.74,14.87,7080062,161319968.00
2018-12-27,14.99,15.25,13.46,13.72,5697101,125461360.00
2018-12-28,13.91,14.77,13.91,14.13,4899620,106047664.00
2019-01-02,14.47,15.55,14.19,15.55,6444666,144538992.00
2019-01-03,15.49,16.05,15.26,15.41,10822782,255473120.00
2019-01-04,15.05,15.71,14.93,15.36,7235262,167503360.00
2019-01-07,15.32,15.82,15.07,15.57,6924901,161221792.00
2019-01-08,15.45,15.45,14.47,14.81,5658933,126691648.00
2019-01-09,14.59,14.92,14.27,14.46,4288428,94244568.00
2019-01-10,14.43,14.85,14.19,14.71,4018608,88284872.00
2019-01-11,14.52,14.72,14.25,14.27,3119833,67680224.00
2019-01-14,14.32,15.09,14.20,14.87,4706233,104646640.00
2019-01-15,14.78,14.83,14.38,14.61,3037401,66732796.00
2019-01-16,14.52,14.77,14.32,14.35,2131400,46579384.00
2019-01-17,14.31,14.55,13.78,13.89,2627000,56201604.00
2019-01-18,13.71,15.24,13.27,14.93,6907294,151059760.00
2019-01-21,14.64,14.65,14.15,14.18,4590400,99230504.00
2019-01-22,14.05,15.25,13.80,14.70,6835280,151885024.00
2019-01-23,14.57,14.84,14.15,14.35,4261820,92852104.00
2019-01-24,14.30,14.63,14.12,14.21,2969420,64136404.00
2019-01-25,14.09,14.29,13.49,13.51,3313100,69191984.00
2019-01-28,13.57,13.99,13.37,13.75,2556194,52957092.00
2019-01-29,13.59,13.71,12.60,12.85,2499781,49330308.00
2019-01-30,12.72,13.05,12.45,12.48,1554220,29895804.00
2019-01-31,12.39,12.65,11.23,11.24,3020900,53166352.00
2019-02-01,11.33,11.82,11.33,11.71,2283601,40138148.00
2019-02-11,11.97,12.19,11.79,12.08,1566800,28373382.00
2019-02-12,12.31,12.53,12.08,12.36,2451200,45726868.00
2019-02-13,12.45,12.51,12.25,12.45,2052300,38436112.00
2019-02-14,12.44,12.78,12.27,12.53,2228600,42125764.00
2019-02-15,12.47,13.70,12.37,12.97,3379300,66268568.00
2019-02-18,12.72,14.27,12.67,14.27,5832600,118835912.00
2019-02-19,14.27,15.71,14.18,15.71,9817740,221032304.00
2019-02-20,15.71,17.29,15.42,17.29,13046768,320151232.00
2019-02-21,16.89,18.59,16.32,17.59,14349046,372267904.00
2019-02-22,17.19,18.04,16.69,17.56,12003662,314824544.00
2019-02-25,17.25,18.92,17.07,18.51,12754982,341265504.00
2019-02-26,18.72,18.72,16.79,16.82,9696701,254427024.00
2019-02-27,16.33,16.42,15.27,15.44,7438896,178255872.00
2019-02-28,15.70,15.89,15.48,15.59,3865816,91292648.00
2019-03-01,15.88,16.11,15.33,15.90,4230696,100480248.00
2019-03-04,16.01,16.94,15.79,16.13,6629763,163045056.00
2019-03-05,15.96,16.68,15.57,16.41,6306840,154190352.00
2019-03-06,16.41,17.09,16.00,16.81,7396935,184367664.00
2019-03-07,16.80,18.50,16.48,18.50,10562233,285077152.00
2019-03-08,18.51,20.36,18.25,20.36,14738784,432855264.00
2019-03-11,20.35,22.41,19.77,22.41,16331929,511306208.00
2019-03-12,22.39,24.52,21.59,23.49,15550396,529569888.00
2019-03-13,23.44,23.79,21.13,21.32,13285025,455392064.00
2019-03-14,21.12,21.75,20.37,20.37,10608285,332811040.00
2019-03-15,20.31,20.39,18.66,19.45,9851322,292065120.00
2019-03-18,19.25,20.97,18.52,20.51,9218812,277019680.00
2019-03-19,20.12,20.39,19.45,19.79,5782133,172788368.00
2019-03-20,19.92,20.45,19.19,19.60,4359988,130023616.00
2019-03-21,19.88,20.24,19.39,19.87,5138569,153642848.00
2019-03-22,19.79,21.86,19.60,21.52,9279742,290345024.00
2019-03-25,20.79,22.43,20.59,20.62,7579890,246620688.00
2019-03-26,20.73,20.93,18.55,18.55,7005942,200655552.00
2019-03-27,17.92,18.49,16.72,18.04,5000777,134308352.00
2019-03-28,17.85,19.15,17.31,18.65,5451554,150781520.00
2019-03-29,18.25,18.65,17.45,18.39,4439874,121521808.00
2019-04-01,18.37,19.08,18.25,18.86,4542303,128645224.00
2019-04-02,18.97,20.37,18.79,19.70,6167751,181892912.00
2019-04-03,19.50,19.98,18.59,18.87,5545578,161051680.00
2019-04-04,18.62,18.99,18.11,18.17,4191148,116387712.00
2019-04-08,18.46,18.57,17.67,18.51,3518448,96699480.00
2019-04-09,18.31,19.65,18.19,19.24,5601670,161134768.00
2019-04-10,18.86,19.09,18.25,18.39,3798350,106286832.00
2019-04-11,18.25,18.59,18.09,18.21,2429551,67198608.00
2019-04-12,18.21,18.35,17.47,17.71,2168800,58512076.00
2019-04-15,17.82,18.23,17.49,17.53,1904523,51413840.00
2019-04-16,17.33,18.13,16.87,17.92,2281700,60779108.00
2019-04-17,17.79,18.25,17.79,17.98,2110800,57611584.00
2019-04-18,18.11,18.19,17.59,17.65,2081900,56300900.00
2019-04-19,17.60,18.08,17.51,17.93,1853850,50107448.00
2019-04-22,17.97,18.24,17.60,17.76,1889700,51049488.00
2019-04-23,17.72,17.77,17.14,17.65,1923557,50380364.00
2019-04-24,17.56,18.93,17.30,18.26,3820467,104602832.00
2019-04-25,17.92,18.76,17.47,17.92,4046274,111536384.00
2019-04-26,17.59,18.05,16.19,16.49,2801026,72724032.00
2019-04-29,16.24,16.25,14.83,14.83,2725200,62356272.00
2019-04-30,14.55,15.47,14.05,14.31,1958520,43378824.00
2019-05-06,14.05,14.05,12.88,13.05,2348124,47366900.00
2019-05-07,13.19,14.36,13.06,14.36,3026849,62379340.00
2019-05-08,14.48,15.45,14.11,14.95,4406325,98580144.00
2019-05-09,14.51,14.79,14.12,14.13,2517200,54714132.00
2019-05-10,14.18,15.01,13.92,14.77,2947001,64701164.00
2019-05-13,14.78,15.49,14.63,15.17,2967702,67652208.00
2019-05-14,14.91,15.35,14.74,15.01,1847823,41977112.00
2019-05-15,15.15,15.45,14.97,15.23,1922270,44031248.00
2019-05-16,15.35,15.91,15.19,15.57,2515423,59222840.00
2019-05-17,15.79,15.84,14.29,14.67,2561156,58324692.00
2019-05-20,14.97,14.99,13.59,14.57,1942656,42304072.00
2019-05-21,14.79,15.45,14.71,15.02,2323933,53003300.00
2019-05-22,15.21,15.43,14.65,14.92,2069300,46955752.00
2019-05-23,14.92,15.37,14.35,14.99,2463226,55903792.00
2019-05-24,15.07,15.12,14.42,14.92,2091199,46477576.00
2019-05-27,14.93,15.25,14.63,15.19,3460098,78437728.00
2019-05-28,15.18,15.79,14.92,15.35,3756273,86900968.00
2019-05-29,15.15,15.67,15.00,15.13,2400200,55083740.00
2019-05-30,14.59,15.25,14.30,14.67,2788085,61672244.00
2019-05-31,14.65,14.95,14.37,14.49,1546048,34283960.00
2019-06-03,14.49,14.75,14.34,14.38,1385485,30364780.00
2019-06-04,14.39,14.45,13.52,13.54,1688970,35501144.00
2019-06-05,13.76,14.90,13.75,14.90,3624100,79100400.00
2019-06-06,15.05,15.05,13.97,13.99,3351800,73208856.00
2019-06-10,14.25,14.45,13.89,13.94,2069500,44189000.00
2019-06-11,13.85,14.54,13.79,14.37,2158600,46472368.00
2019-06-12,14.37,14.53,14.05,14.18,1660600,35689172.00
2019-06-13,14.18,14.32,13.97,14.13,1323300,28282524.00
2019-06-14,14.17,14.37,13.45,13.91,2620100,55034644.00
2019-06-17,13.86,13.86,13.30,13.55,1580400,32356612.00
2019-06-18,13.56,13.69,13.36,13.47,856755,17398366.00
2019-06-19,13.62,14.05,13.62,13.72,1909100,39891412.00
2019-06-20,13.72,13.99,13.53,13.86,1525455,31702190.00
2019-06-21,14.00,14.44,13.93,14.11,2208500,47245608.00
2019-06-24,14.23,14.84,14.01,14.29,2699055,58279624.00
2019-06-25,14.35,14.35,13.69,13.82,1785500,37501208.00
2019-06-26,13.77,14.12,13.59,13.91,1248000,26214456.00
2019-06-27,13.89,14.15,13.89,13.94,1106600,23367932.00
2019-06-28,13.99,14.05,13.71,13.87,990617,20711562.00
2019-07-01,14.17,14.25,13.91,14.18,1340542,28581050.00
2019-07-02,14.19,15.61,13.99,14.90,5817483,131094024.00
2019-07-03,14.71,14.92,14.25,14.27,3421183,74794776.00
2019-07-04,14.27,14.41,13.75,13.92,2342583,49625364.00
2019-07-05,13.85,14.11,13.83,14.01,1223100,25835942.00
2019-07-08,14.03,15.41,13.47,15.41,7318352,161432336.00
2019-07-09,15.28,15.52,14.59,14.83,7189452,162630480.00
2019-07-10,14.67,14.95,14.38,14.45,3936384,86514384.00
2019-07-11,14.42,14.72,14.17,14.71,3486468,75862960.00
2019-07-12,14.59,15.45,14.52,15.08,4858522,109951864.00
2019-07-15,14.91,15.30,14.35,14.85,2969039,66314316.00
2019-07-16,14.93,15.03,14.53,14.62,2474000,54601384.00
2019-07-17,14.59,14.91,14.54,14.83,2077400,45859724.00
2019-07-18,14.72,14.93,14.35,14.35,1880700,41296028.00
2019-07-19,14.23,14.46,13.85,13.85,2354900,49924264.00
2019-07-22,13.94,13.94,12.93,13.12,1795300,35941164.00
2019-07-23,13.13,13.39,13.13,13.32,990558,19752026.00
2019-07-24,13.37,13.64,13.35,13.47,1214300,24651636.00
2019-07-25,13.55,13.83,13.33,13.56,1124342,23008540.00
2019-07-26,13.56,13.76,13.47,13.58,672400,13745014.00
2019-07-29,13.57,13.72,13.51,13.67,758883,15522856.00
2019-07-30,13.67,14.37,13.60,14.10,2294283,48215504.00
2019-07-31,14.05,14.05,13.53,13.57,1808783,37313176.00
2019-08-01,13.57,13.67,13.41,13.51,769700,15665496.00
2019-08-02,13.07,13.43,13.07,13.27,1054487,20998488.00
2019-08-05,13.28,13.52,13.27,13.35,778600,15659483.00
2019-08-06,13.19,13.19,12.06,12.72,1230183,23411102.00
2019-08-07,12.85,12.99,12.79,12.86,1233800,23942588.00
2019-08-08,12.86,12.97,12.64,12.69,942000,18089394.00
2019-08-09,12.83,12.85,12.19,12.34,1215600,22786260.00
2019-08-12,12.37,12.62,12.24,12.59,694430,13012647.00
2019-08-13,12.54,12.94,12.19,12.56,988200,18706982.00
2019-08-14,13.32,13.46,12.73,12.87,2035346,40007656.00
2019-08-15,12.39,12.75,12.33,12.65,1216291,22854942.00
2019-08-16,12.65,12.89,12.52,12.67,1086500,20729656.00
2019-08-19,12.67,13.11,12.67,13.04,1355451,26340392.00
2019-08-20,13.09,13.29,12.93,13.17,1193351,23598386.00
2019-08-21,13.18,13.24,13.05,13.13,755743,14931500.00
2019-08-22,13.11,13.25,13.07,13.09,770413,15203381.00
2019-08-23,13.22,13.22,12.84,12.89,733243,14309002.00
2019-08-26,12.60,12.87,12.48,12.73,728300,13907328.00
2019-08-27,12.80,13.16,12.76,13.07,1083100,21161618.00
2019-08-28,13.08,13.19,12.99,13.05,814713,15981382.00
2019-08-29,13.11,13.41,13.06,13.13,1548000,30827240.00
2019-08-30,13.14,13.51,12.85,12.85,2009200,39851164.00
2019-09-02,12.67,13.30,12.67,13.25,1561569,30665328.00
2019-09-03,13.25,13.30,13.12,13.19,942157,18682714.00
2019-09-04,13.17,13.44,13.15,13.23,1028787,20468906.00
2019-09-05,13.23,13.55,13.21,13.34,1563700,31533336.00
2019-09-06,13.43,13.70,13.31,13.59,2350419,47790776.00
2019-09-09,13.65,13.78,13.52,13.75,1889319,38746048.00
2019-09-10,13.82,14.33,13.63,14.15,2950500,61845764.00
2019-09-11,14.13,14.13,13.68,13.79,1941305,40431248.00
2019-09-12,13.75,13.85,13.65,13.75,1426171,29451710.00
2019-09-16,13.75,13.98,13.75,13.80,963478,20032236.00
2019-09-17,13.75,13.86,13.53,13.65,1208843,24820772.00
2019-09-18,13.73,13.95,13.65,13.81,1332900,27749920.00
2019-09-19,13.81,14.05,13.73,13.93,1598390,33383214.00
2019-09-20,13.97,13.99,13.61,13.79,1221800,25318116.00
2019-09-23,13.73,13.78,13.30,13.65,928900,18961000.00
2019-09-24,13.72,13.89,13.51,13.55,993100,20427582.00
2019-09-25,13.55,13.67,13.19,13.19,1124800,22661160.00
2019-09-26,13.31,13.37,12.68,12.78,1241600,24096652.00
2019-09-27,12.91,13.05,12.75,12.87,1141873,22108300.00
2019-09-30,12.95,13.01,12.73,12.87,778700,15082352.00
2019-10-08,12.83,13.08,12.83,12.93,697670,13610838.00
2019-10-09,12.95,13.12,12.83,13.09,616870,12069042.00
2019-10-10,13.19,13.29,12.99,13.21,821900,16265290.00
2019-10-11,13.23,13.31,13.09,13.20,659900,13082905.00
2019-10-14,13.23,13.50,13.23,13.29,900700,18094028.00
2019-10-15,13.30,13.37,13.07,13.27,720912,14272317.00
2019-10-16,13.25,13.25,13.01,13.05,597287,11761340.00
2019-10-17,13.21,13.60,12.99,13.27,1753600,35129808.00
2019-10-18,13.19,13.22,12.59,12.74,1792300,34763072.00
2019-10-21,12.76,12.95,12.35,12.81,924470,17677094.00
2019-10-22,12.85,13.22,12.65,13.11,1071212,20941022.00
2019-10-23,13.08,13.29,12.93,13.08,754300,14935198.00
2019-10-24,13.15,13.42,13.06,13.12,834784,16571208.00
2019-10-25,13.05,13.27,12.97,13.16,902700,17788086.00
2019-10-28,13.25,13.44,13.03,13.41,1250400,24989804.00
2019-10-29,13.35,13.83,13.20,13.23,1995000,40204392.00
2019-10-30,13.17,13.64,13.07,13.45,2186700,44275144.00
2019-10-31,13.44,14.29,13.22,13.72,4165563,85845280.00
2019-11-01,13.71,13.91,13.47,13.83,2774133,56744400.00
2019-11-04,13.62,13.83,13.62,13.66,2090709,43062672.00
2019-11-05,13.66,13.80,13.45,13.77,1745409,35735428.00
2019-11-06,13.72,13.79,13.44,13.49,1717700,35084340.00
2019-11-07,13.49,13.70,13.41,13.56,1494000,30493444.00
2019-11-08,13.58,13.83,13.54,13.55,1305815,26813460.00
2019-11-11,13.45,13.60,13.35,13.42,1013263,20462270.00
2019-11-12,13.41,13.69,13.37,13.67,1646099,33552254.00
2019-11-13,13.68,14.09,13.61,13.72,3817710,79242648.00
2019-11-14,13.71,14.01,13.37,13.93,3487764,72203152.00
2019-11-15,13.94,14.17,13.52,13.53,3183100,65978160.00
2019-11-18,13.52,14.71,13.39,14.37,5962111,126820344.00
2019-11-19,14.23,14.84,14.17,14.59,5621873,123140784.00
2019-11-20,14.55,15.64,14.37,15.31,7222807,164942784.00
2019-11-21,15.09,16.10,14.79,15.60,6952369,159963840.00
2019-11-22,15.37,17.09,15.37,16.37,8995732,220247472.00
2019-11-25,16.19,16.89,15.60,15.75,6712278,163204256.00
2019-11-26,15.72,16.42,14.89,16.37,5312488,126906168.00
2019-11-27,16.08,16.50,15.72,16.12,4652670,112778256.00
2019-11-28,16.02,16.22,15.32,15.32,3367216,79190144.00
2019-11-29,15.42,15.59,15.19,15.43,3357000,77788384.00
2019-12-02,15.64,15.69,15.15,15.45,3100100,71395888.00
2019-12-03,15.32,15.51,14.93,15.39,2697800,61562688.00
2019-12-04,15.33,15.71,15.19,15.51,2692900,62681204.00
2019-12-05,15.55,15.59,15.19,15.29,2324612,53365924.00
2019-12-06,15.32,15.64,15.06,15.51,2819912,65298776.00
2019-12-09,15.55,15.59,15.18,15.40,2172821,49956012.00
2019-12-10,15.43,15.43,14.89,15.15,2352012,53382960.00
2019-12-11,15.14,15.29,14.38,15.24,4200800,93677552.00
2019-12-12,14.99,16.13,14.93,15.69,4667900,109897832.00
2019-12-13,15.69,15.94,15.32,15.45,2600600,60796760.00
2019-12-16,15.50,15.57,15.07,15.47,2742157,62934344.00
2019-12-17,15.33,15.55,15.21,15.31,2249000,51801940.00
2019-12-18,15.19,15.38,15.19,15.26,1423109,32612164.00
2019-12-19,15.27,15.77,15.20,15.65,2653111,62014564.00
2019-12-20,15.61,15.91,15.00,15.07,2503600,58056800.00
2019-12-23,15.05,15.23,14.75,15.01,1318009,29800720.00
2019-12-24,15.09,15.09,14.56,14.97,1400009,31166618.00
2019-12-25,14.97,15.13,14.85,15.03,1032200,23181640.00
2019-12-26,15.05,15.29,14.86,15.13,1324800,30091776.00
2019-12-27,15.15,15.27,14.79,14.81,1202315,27030800.00
2019-12-30,14.67,14.95,14.67,14.73,754400,16753007.00
2019-12-31,14.67,14.98,14.66,14.79,667100,14832891.00
2020-01-02,14.93,15.12,14.79,15.05,1078454,24224456.00
2020-01-03,15.07,15.12,14.95,15.00,814093,18370322.00
2020-01-06,14.83,15.28,14.52,15.27,1403954,31879900.00
2020-01-07,15.19,15.60,15.19,15.57,1724544,40095560.00
2020-01-08,15.79,15.79,15.38,15.40,1673600,38948972.00
2020-01-09,15.65,15.76,15.33,15.45,995254,23104990.00
2020-01-10,15.32,15.65,15.27,15.63,1231200,28640068.00
2020-01-13,15.63,15.71,15.32,15.59,997899,23262628.00
2020-01-14,15.53,15.85,15.39,15.41,1142799,26638252.00
2020-01-15,15.36,15.65,15.20,15.56,1398300,32376990.00
2020-01-16,16.01,16.52,15.59,15.61,3428300,82038064.00
2020-01-17,15.29,15.48,15.09,15.13,1647900,37709824.00
2020-01-20,15.00,15.23,14.99,15.15,651600,14799847.00
2020-01-21,15.12,15.12,14.75,14.79,879800,19789930.00
2020-01-22,15.31,15.31,14.71,14.90,728699,16392116.00
2020-01-23,14.85,14.97,13.91,14.13,1383600,30049096.00
2020-02-03,12.72,12.72,12.72,12.72,90700,1732370.00
2020-02-04,11.45,13.19,11.45,13.05,5693432,102125680.00
2020-02-05,12.67,13.13,12.67,13.05,2217700,43136220.00
2020-02-06,12.99,13.17,12.69,12.89,2036200,39700608.00
2020-02-07,12.83,12.95,12.70,12.79,1547400,29805254.00
2020-02-10,12.81,13.55,12.69,13.43,2218300,43833532.00
2020-02-11,13.33,13.80,13.27,13.57,1513200,30697520.00
2020-02-12,13.59,13.74,13.46,13.64,681900,13984623.00
2020-02-13,13.54,13.71,13.40,13.44,753500,15325922.00
2020-02-14,13.39,13.52,13.25,13.32,619600,12447145.00
2020-02-17,13.33,13.77,13.33,13.68,893100,18347846.00
2020-02-18,13.39,13.83,13.39,13.73,850000,17478648.00
2020-02-19,13.83,13.88,13.59,13.69,847700,17428588.00
2020-02-20,13.76,14.09,13.60,14.01,1347100,27930902.00
2020-02-21,14.01,14.07,13.85,13.89,1049500,21959720.00
2020-02-24,13.92,14.65,13.74,14.56,1878700,40198760.00
2020-02-25,14.32,14.96,14.26,14.91,1998400,44108816.00
2020-02-26,14.46,15.05,14.46,14.54,1186100,26282728.00
2020-02-27,14.69,15.05,14.52,14.91,1219100,27150186.00
2020-02-28,14.72,14.99,14.52,14.59,1390100,30799808.00
2020-03-02,14.53,14.98,14.53,14.64,1236680,27488152.00
2020-03-03,14.84,15.23,14.61,14.73,1313300,29237748.00
2020-03-04,14.53,14.87,14.52,14.71,726400,16032759.00
2020-03-05,14.79,15.65,14.75,15.18,1853000,42176772.00
2020-03-06,15.18,15.97,14.89,15.51,2672300,62617688.00
2020-03-09,15.22,15.97,15.22,15.85,2011400,47500080.00
2020-03-10,15.66,15.89,15.33,15.73,1610200,37829140.00
2020-03-11,15.67,16.02,15.47,15.91,1629800,38536408.00
2020-03-12,15.91,16.37,15.54,15.62,1545800,36751624.00
2020-03-13,14.73,15.84,14.73,15.73,1552100,36065176.00
2020-03-16,15.67,16.19,15.17,15.25,1467600,34296372.00
2020-03-17,15.09,15.61,14.46,15.09,1483400,33618716.00
2020-03-18,15.25,15.91,15.12,15.32,1515926,35187960.00
2020-03-19,15.32,15.85,15.06,15.85,1626100,37701048.00
2020-03-20,15.86,17.37,15.86,17.05,2325344,58019556.00
2020-03-23,16.63,17.46,16.53,16.89,1870181,47925324.00
2020-03-24,17.01,17.44,16.52,17.28,2763300,70829376.00
2020-03-25,17.19,19.00,17.19,18.69,3357478,91376904.00
2020-03-26,18.25,18.54,17.66,17.91,2224900,60384720.00
2020-03-27,18.05,18.95,17.32,17.36,2383648,64257868.00
2020-03-30,17.65,17.86,17.19,17.62,2555900,67549336.00
2020-03-31,17.99,18.04,17.25,17.41,1556500,41505552.00
2020-04-01,17.61,17.75,17.16,17.61,1029200,27080286.00
2020-04-02,17.52,17.80,17.33,17.43,1239200,32558018.00
2020-04-03,17.41,18.25,17.34,17.90,1392500,37119364.00
2020-04-07,17.61,18.30,17.61,18.21,1250900,33921820.00
2020-04-08,18.15,18.59,18.01,18.26,1275500,35029172.00
2020-04-09,18.26,19.45,18.11,19.12,2395700,67597504.00
2020-04-10,18.77,19.03,17.32,18.21,3251500,88719840.00
2020-04-13,18.35,18.56,17.72,18.19,1450700,39629624.00
2020-04-14,17.32,18.92,17.32,18.65,1963300,54679292.00
2020-04-15,18.63,19.11,18.52,18.81,1588200,44892656.00
2020-04-16,18.79,19.36,18.66,19.20,2084361,59740776.00
2020-04-17,20.45,20.53,18.47,18.80,3197100,90106736.00
2020-04-20,18.59,18.67,18.18,18.35,1933100,53372380.00
2020-04-21,18.29,19.03,18.29,18.59,2217900,62166496.00
2020-04-22,18.32,18.82,17.92,18.23,1919200,52621148.00
2020-04-23,18.15,18.42,17.92,18.23,1456900,39799240.00
2020-04-24,18.28,18.45,17.85,18.23,1336800,36451320.00
2020-04-27,18.23,18.65,17.85,18.33,2440061,66898780.00
2020-04-28,18.57,18.57,17.86,18.15,1747800,47711600.00
2020-04-29,18.35,18.35,17.24,17.59,2186200,58042208.00
2020-04-30,17.70,18.77,17.27,18.05,2772293,75300920.00
2020-05-06,18.12,18.75,17.73,18.75,2283000,63340000.00
2020-05-07,18.77,19.05,18.32,18.59,1870400,52024848.00
2020-05-08,18.59,18.61,18.33,18.46,831800,23030184.00
2020-05-11,18.35,18.71,18.25,18.59,1030100,28464128.00
2020-05-12,18.60,18.91,18.41,18.79,1144200,32020624.00
2020-05-13,18.65,20.11,18.62,19.99,2220244,64828160.00
2020-05-14,19.65,20.92,19.62,20.61,1833644,56154840.00
2020-05-15,20.62,21.10,20.32,20.35,1072300,33078682.00
2020-05-18,20.46,20.61,20.00,20.28,1355600,41294832.00
2020-05-19,20.05,20.85,20.05,20.63,1540400,47340572.00
2020-05-20,20.61,20.79,20.46,20.46,1163400,35978784.00
2020-05-21,20.32,20.70,20.17,20.52,956775,29456568.00
2020-05-22,20.49,21.86,20.33,21.71,2552091,82004792.00
2020-05-25,21.57,22.38,21.33,21.37,1963372,64159344.00
2020-05-26,21.39,21.93,21.39,21.57,1272600,41334032.00
2020-05-27,21.59,21.91,21.44,21.53,1341900,43553392.00
2020-05-28,21.52,21.82,21.12,21.38,1349403,43412968.00
2020-05-29,21.03,21.73,20.44,21.56,2126950,45230956.00
2020-06-01,21.30,21.91,20.70,21.59,2985700,63773748.00
2020-06-02,21.37,21.99,21.00,21.06,1623650,34601968.00
2020-06-03,20.91,22.15,20.85,21.79,1876586,40586392.00
2020-06-04,21.71,22.15,21.30,21.49,1796367,38964680.00
2020-06-05,20.91,22.21,20.91,21.85,2801397,61009180.00
2020-06-08,21.51,22.00,21.30,21.46,1975161,42770976.00
2020-06-09,21.36,21.64,20.80,21.04,1718500,36274272.00
2020-06-10,21.12,21.30,20.50,20.77,1378150,28623650.00
2020-06-11,20.77,21.14,20.40,20.46,2159536,44877564.00
2020-06-12,20.00,20.50,20.00,20.26,1551100,31486362.00
2020-06-15,20.11,20.95,19.46,19.52,2233150,44555680.00
2020-06-16,19.50,21.18,19.49,20.23,3015400,61794304.00
2020-06-17,20.42,20.85,20.21,20.37,1821750,37309408.00
2020-06-18,20.37,20.76,19.88,20.00,1275482,25580478.00
2020-06-19,19.80,20.60,19.80,20.57,2050300,41590564.00
2020-06-22,20.29,20.68,19.77,19.89,2431967,48949204.00
2020-06-23,19.80,19.98,19.00,19.35,2480387,48574844.00
2020-06-24,19.00,19.61,19.00,19.04,2490550,47830908.00
2020-06-29,19.30,19.30,18.30,18.66,3208150,60148840.00
2020-06-30,18.67,19.55,18.52,19.44,1824350,34922676.00
2020-07-01,19.78,19.78,19.26,19.51,1269100,24702258.00
2020-07-02,19.31,19.94,19.31,19.82,2791300,54840696.00
2020-07-03,19.75,20.56,19.75,20.10,1655150,33459100.00
2020-07-06,20.02,20.27,19.57,19.98,3118650,61968964.00
2020-07-07,19.94,20.85,19.94,20.25,2792143,56865124.00
2020-07-08,18.40,20.10,18.40,19.94,5836269,112251264.00
2020-07-09,19.79,21.93,19.79,21.55,8421764,177788208.00
2020-07-10,21.56,21.69,20.70,20.70,3707750,78064128.00
2020-07-13,20.90,21.06,19.82,20.30,5881342,118895768.00
2020-07-14,20.25,20.25,19.20,19.52,5465750,107580440.00
2020-07-15,19.52,19.68,18.60,18.62,3146800,59932992.00
2020-07-16,18.30,18.97,17.72,17.85,3449942,63028744.00
2020-07-17,17.88,17.98,16.80,17.08,2325542,40104972.00
2020-07-20,17.08,17.60,17.08,17.56,2063379,35978284.00
2020-07-21,17.35,17.66,17.35,17.60,1335150,23425098.00
2020-07-22,17.45,17.67,17.42,17.50,1385400,24299466.00
2020-07-23,17.27,18.13,16.69,17.74,2187650,38154120.00
2020-07-24,17.82,17.82,16.78,16.81,1489674,25581400.00
2020-07-27,16.81,16.95,16.19,16.36,1622550,26706564.00
2020-07-28,16.45,16.75,16.40,16.55,530700,8788210.00
2020-07-29,16.43,17.91,16.34,17.77,2411150,41370620.00
2020-07-30,17.77,18.62,17.62,18.29,2984686,54496420.00
2020-07-31,18.30,18.50,18.00,18.36,1902392,34720420.00
2020-08-03,18.37,19.35,18.37,19.02,2737500,51922988.00
2020-08-04,19.39,19.60,18.88,19.32,3063000,58907944.00
2020-08-05,19.87,21.12,19.01,20.22,5383142,108572272.00
2020-08-06,20.00,20.55,19.58,19.91,2551500,50867080.00
2020-08-07,20.00,20.30,19.70,19.92,2022932,40486904.00
2020-08-10,19.92,21.17,19.65,20.64,3678300,75059296.00
2020-08-11,20.64,20.79,20.20,20.36,2235250,45678088.00
2020-08-12,20.10,20.67,19.91,20.48,1738376,35342528.00
2020-08-13,20.54,20.91,20.11,20.53,995300,20534386.00
2020-08-14,20.53,21.18,20.16,20.98,2458850,51223528.00
2020-08-17,20.51,22.46,20.49,21.38,4502900,97304264.00
2020-08-18,21.81,23.38,21.13,22.88,4794650,105271464.00
2020-08-19,22.62,23.65,22.30,23.56,3649750,84298896.00
2020-08-20,23.35,23.97,22.30,22.78,3787300,88445296.00
2020-08-21,22.99,23.78,22.04,22.34,3174850,71502720.00
2020-08-24,22.34,22.66,22.13,22.31,2655950,59343960.00
2020-08-25,22.31,24.47,21.81,24.28,4706136,110064216.00
2020-08-26,24.22,25.19,23.29,23.43,3649650,87076984.00
2020-08-27,23.58,24.09,23.18,23.63,2680450,63037796.00
2020-08-28,23.63,24.47,23.35,24.12,2375400,57308456.00
2020-08-31,24.12,24.65,23.20,23.39,4100962,97457032.00
2020-09-01,23.33,23.39,22.50,22.74,2781250,63558144.00
2020-09-02,22.65,23.90,22.26,23.55,3703550,85211952.00
2020-09-03,23.21,23.98,23.21,23.51,1931850,45483636.00
2020-09-04,23.27,24.20,22.96,23.89,2620250,62198372.00
2020-09-07,23.89,24.20,23.52,23.89,2861550,68358520.00
2020-09-08,23.74,23.76,22.78,22.90,2213200,51246064.00
2020-09-09,22.60,22.89,21.54,21.90,1861100,41039468.00
2020-09-10,21.99,22.37,20.74,20.76,3994300,84385416.00
2020-09-11,21.00,22.80,20.50,22.28,3723650,81585944.00
2020-09-14,22.60,22.66,21.09,21.32,3683800,79422464.00
2020-09-15,21.38,21.38,20.35,20.88,2043250,42287816.00
2020-09-16,20.87,21.93,20.14,20.90,1730100,35827200.00
2020-09-17,20.55,20.85,20.11,20.80,1142532,23465410.00
2020-09-18,20.38,21.07,20.38,20.90,1470850,30418328.00
2020-09-21,20.80,21.08,20.65,20.90,1467850,30567938.00
2020-09-22,20.53,20.79,20.15,20.61,1341200,27376902.00
2020-09-23,20.32,22.10,20.22,21.82,3351850,72269240.00
2020-09-24,22.04,22.19,21.21,21.35,2788950,60580044.00
2020-09-25,21.01,21.58,20.51,20.71,2166400,45147164.00
2020-09-28,20.71,20.71,19.88,20.04,2164874,43688176.00
2020-09-29,18.05,21.58,18.05,20.70,4321750,89418272.00
2020-09-30,20.98,20.98,19.55,19.99,2569612,51295828.00
2020-10-09,19.89,21.77,19.89,21.37,3059800,65033588.00
2020-10-12,21.89,21.89,21.21,21.38,1999800,43061440.00
2020-10-13,21.40,22.24,21.12,21.95,2273800,49685408.00
2020-10-14,22.10,22.36,21.54,21.91,1115600,24343000.00
2020-10-15,21.91,22.20,21.46,21.93,1997000,43515984.00
2020-10-16,21.99,22.17,21.41,21.96,2036750,44752680.00
2020-10-19,22.00,22.19,21.42,21.63,1593950,34518052.00
2020-10-20,21.80,22.07,21.31,21.70,1576324,34152256.00
2020-10-21,21.52,21.90,21.41,21.79,1268250,27419944.00
2020-10-22,21.79,21.97,21.06,21.79,1287200,27860402.00
2020-10-23,21.80,21.80,21.41,21.59,704900,15182290.00
2020-10-26,21.50,21.62,20.56,21.36,2107350,44947620.00
2020-10-27,21.46,21.46,20.60,20.98,888050,18565876.00
2020-10-28,20.70,21.34,20.50,21.09,1278300,26910652.00
2020-10-29,21.10,21.60,20.52,21.25,998500,21238492.00
2020-10-30,21.40,21.40,20.35,20.48,1658542,34268248.00
2020-11-02,19.97,21.17,19.96,20.00,960750,19357460.00
2020-11-03,20.02,22.00,19.89,21.91,4057300,87238216.00
2020-11-04,21.74,21.95,21.23,21.51,1742100,37546900.00
2020-11-05,21.59,21.96,21.39,21.50,1579700,34112236.00
2020-11-06,21.69,21.69,21.00,21.05,1367742,28977984.00
2020-11-09,21.31,22.18,21.19,21.85,4435800,96898808.00
2020-11-10,22.16,22.16,21.54,21.92,2720500,59449980.00
2020-11-11,21.95,22.08,20.85,21.00,1811950,38662908.00
2020-11-12,21.01,21.31,20.40,20.90,1677350,34682676.00
2020-11-13,20.66,21.60,20.61,21.15,2393550,50723020.00
2020-11-16,21.27,22.00,20.64,21.28,1211791,25844974.00
2020-11-17,21.50,21.56,20.71,20.83,992000,20717334.00
2020-11-18,20.72,20.99,20.51,20.66,866100,17861570.00
2020-11-19,20.66,20.70,20.15,20.20,1755600,35704572.00
2020-11-20,20.63,20.63,19.97,20.31,2091931,42348792.00
2020-11-23,20.31,20.39,19.98,20.32,1126900,22734632.00
2020-11-24,20.32,20.58,19.95,19.95,2706850,54506276.00
2020-11-25,20.35,21.92,19.52,21.88,4114850,86693600.00
2020-11-26,22.00,24.07,21.03,24.07,9223105,215767040.00
2020-11-27,24.25,26.48,21.66,21.66,9910539,243691184.00
2020-11-30,19.49,22.81,19.49,22.81,13057789,272665056.00
2020-12-01,22.69,25.09,22.16,25.09,9196319,223932528.00
2020-12-02,26.60,27.60,22.58,25.33,10121169,244327504.00
2020-12-03,24.00,24.30,23.12,23.84,5874769,139590432.00
2020-12-04,23.80,24.28,23.32,23.84,4864976,114962400.00
2020-12-07,23.84,24.28,22.99,23.66,4559800,107664480.00
2020-12-08,23.50,23.50,21.29,21.29,3526158,78944616.00
2020-12-09,19.16,19.16,19.16,19.16,889300,17038988.00
2020-12-10,17.24,17.24,17.24,17.24,235500,4060020.00
2020-12-11,15.52,15.52,15.52,15.52,548800,8517376.00
2020-12-14,13.97,13.97,13.97,13.97,1301300,18179160.00
2020-12-15,12.86,14.52,12.84,13.23,31316633,410874400.00
2020-12-16,12.49,12.72,11.95,12.03,18070619,222028192.00
2020-12-17,12.25,13.21,11.76,12.49,15139865,187125136.00
2020-12-18,12.27,12.49,12.01,12.20,10868039,132878776.00
2020-12-21,12.13,12.34,11.90,12.00,7400691,89804584.00
2020-12-22,11.90,12.05,11.31,11.37,9120391,106535200.00
2020-12-23,11.39,11.50,10.97,11.03,6783600,75986472.00
2020-12-24,11.08,11.08,10.46,10.48,6489729,69251480.00
2020-12-25,10.50,11.11,10.41,10.60,8098582,87027136.00
2020-12-28,10.75,10.78,10.26,10.38,6043000,63173568.00
2020-12-29,10.45,10.57,10.18,10.46,5405100,56342480.00
2020-12-30,10.55,10.73,10.30,10.58,5457950,57715784.00
2020-12-31,10.56,10.85,10.51,10.70,5062044,54215116.00
2021-01-04,10.74,10.83,10.55,10.62,5012550,53532384.00
2021-01-05,10.62,10.67,10.26,10.37,3967850,41393212.00
2021-01-06,10.38,10.40,9.82,9.89,4705650,47035824.00
2021-01-07,9.91,9.91,9.16,9.23,5088550,48161624.00
2021-01-08,9.30,9.76,8.98,9.35,6545491,61248640.00
2021-01-11,9.31,9.36,8.90,8.92,3999300,36321616.00
2021-01-12,8.92,9.17,8.52,8.77,4247333,37814380.00
2021-01-13,8.83,8.83,8.39,8.44,4129150,35143376.00
2021-01-14,8.40,8.68,8.27,8.53,3989900,34034032.00
2021-01-15,8.53,9.10,8.47,9.01,5261800,46795768.00
2021-01-18,9.02,9.33,8.94,9.10,3776400,34666864.00
2021-01-19,9.11,9.48,9.09,9.38,3080850,28709006.00
2021-01-20,9.43,9.56,9.15,9.31,2749350,25664048.00
2021-01-21,9.32,9.47,9.22,9.33,2501900,23436408.00
2021-01-22,9.29,9.49,9.06,9.10,2881600,26611500.00
2021-01-25,9.08,9.09,8.56,8.60,2987878,26116904.00
2021-01-26,8.65,8.72,8.46,8.57,1917050,16508387.00
2021-01-27,8.47,8.80,8.47,8.73,3115950,26899018.00
2021-01-28,8.67,9.60,8.58,8.71,7583150,68046448.00
2021-01-29,8.74,8.87,8.28,8.38,5815150,49586436.00
2021-02-01,8.30,8.43,8.03,8.17,3062800,25170052.00
2021-02-02,8.15,8.34,8.01,8.16,3296100,27020268.00
2021-02-03,8.09,8.17,7.91,7.91,3053950,24391988.00
2021-02-04,7.90,7.95,7.58,7.70,2920250,22457584.00
2021-02-05,7.74,7.94,7.60,7.66,1958600,15187094.00
2021-02-08,7.68,7.88,7.45,7.81,3022200,23176300.00
2021-02-09,7.80,7.96,7.66,7.92,2764000,21622082.00
2021-02-10,7.91,8.03,7.81,7.99,2522900,19922780.00
2021-02-18,8.07,8.35,8.01,8.30,3580800,29510130.00
2021-02-19,8.36,8.78,8.21,8.70,3337950,28662484.00
2021-02-22,8.73,9.20,8.71,8.83,4182594,37487332.00
2021-02-23,8.86,9.05,8.76,8.89,3150894,27969446.00
2021-02-24,9.06,9.78,8.95,9.78,9231748,87030720.00
2021-02-25,9.66,9.85,9.23,9.45,12893626,121859784.00
2021-02-26,9.18,10.40,9.02,10.28,16470822,162565248.00
2021-03-01,9.87,11.27,9.75,10.70,18866242,197027376.00
2021-03-02,10.51,10.51,9.65,9.67,12570600,126429792.00
2021-03-03,9.59,9.99,9.25,9.71,8600294,82695016.00
2021-03-04,9.61,10.09,9.61,9.81,7415850,73001960.00
2021-03-05,9.70,10.40,9.55,10.08,9948850,100750192.00
2021-03-08,10.03,11.09,9.90,11.09,14014350,149101520.00
2021-03-09,11.22,12.20,11.22,12.20,19252170,229982032.00
2021-03-10,11.26,12.20,10.98,10.98,20499170,234784544.00
2021-03-11,10.18,10.79,9.88,10.42,14835644,151892752.00
2021-03-12,10.42,11.46,10.40,11.46,11861968,132451488.00
2021-03-15,11.67,11.96,10.68,10.81,17743419,199891024.00
2021-03-16,10.76,11.60,10.48,11.39,15426725,169636720.00
2021-03-17,11.28,12.08,11.16,11.86,16428800,192271472.00
2021-03-18,11.63,11.85,11.20,11.43,10260550,117330288.00
2021-03-19,11.26,11.66,10.92,11.15,9492400,106715632.00
2021-03-22,11.03,11.09,10.65,10.76,8487200,91604752.00
2021-03-23,10.76,10.80,9.89,10.07,8844400,90257344.00
2021-03-24,9.90,10.08,9.51,9.70,6600500,64445128.00
2021-03-25,9.70,10.14,9.50,9.76,6328900,62343908.00
2021-03-26,9.75,9.98,9.54,9.88,4027350,39404604.00
2021-03-29,9.93,10.05,9.68,9.76,3468700,34057616.00
2021-03-30,9.76,9.76,9.29,9.29,5444000,51371860.00
2021-03-31,9.30,9.77,9.18,9.61,5500570,52620012.00
2021-04-01,9.59,10.57,9.43,10.57,11360320,116092424.00
2021-04-02,10.49,11.08,10.04,10.25,13860870,145994112.00
2021-04-06,10.38,10.55,10.11,10.25,7191900,74052448.00
2021-04-07,10.17,10.94,10.08,10.66,9623800,101430688.00
2021-04-08,10.52,11.06,10.41,10.56,10254100,109499784.00
2021-04-09,10.31,10.64,10.28,10.38,5929800,61798784.00
2021-04-12,10.39,10.68,9.98,10.09,5427900,55278524.00
2021-04-13,10.09,10.22,9.65,9.87,4507000,44529472.00
2021-04-14,9.87,10.03,9.70,9.84,3098100,30562800.00
2021-04-15,10.28,10.52,9.80,9.85,6993900,70834544.00
2021-04-16,9.71,10.84,9.71,10.84,6386700,67854912.00
2021-04-19,11.36,11.92,11.23,11.92,12851300,149453536.00
2021-04-20,12.04,12.50,11.25,11.45,21662501,251608288.00
2021-04-21,11.40,12.04,11.13,11.33,13829750,158483200.00
2021-04-22,11.08,11.58,10.95,11.22,10343500,115689120.00
2021-04-23,11.38,11.39,10.87,10.88,8481800,94103488.00
2021-04-26,10.78,10.97,10.51,10.60,6359800,68308752.00
2021-04-27,10.60,10.92,10.04,10.72,9071850,94834240.00
2021-04-28,10.50,10.63,10.23,10.41,5631100,58641500.00
2021-04-29,10.33,10.90,10.24,10.51,7952151,84278832.00
2021-04-30,10.37,10.41,9.90,10.00,6499100,65684080.00
2021-05-06,10.10,11.00,10.00,11.00,7268750,77630400.00
2021-05-07,11.28,11.39,10.80,11.01,12292400,136116384.00
2021-05-10,11.02,11.48,10.90,11.47,11307900,127199008.00
2021-05-11,11.22,11.28,10.93,11.11,7192300,79663032.00
2021-05-12,10.95,11.42,10.90,11.28,7323800,81605952.00
2021-05-13,11.15,11.60,11.12,11.41,8997200,102650192.00
2021-05-14,11.40,11.42,11.15,11.29,5604350,63108448.00
2021-05-17,11.02,11.18,10.38,10.69,6620750,70238128.00
2021-05-18,10.72,11.03,10.57,10.86,3958100,42742832.00
2021-05-19,10.80,11.02,10.68,10.86,3209250,34912828.00
2021-05-20,10.87,11.95,10.62,11.95,8399550,97562152.00
2021-05-21,12.22,13.15,12.21,13.15,11530000,147814240.00
2021-05-24,13.76,14.47,13.36,14.47,19623495,277557984.00
2021-05-25,14.01,15.10,13.51,14.20,22590501,322706016.00
2021-05-26,14.20,15.55,13.81,14.55,23959145,352092384.00
2021-05-27,14.13,14.35,13.35,13.84,19559044,268566912.00
2021-05-28,13.84,15.22,13.53,15.22,23361200,335107936.00
2021-05-31,15.30,15.90,14.43,15.13,21352900,323005600.00
2021-06-01,15.31,16.50,15.16,15.36,20841550,331092128.00
2021-06-02,14.61,15.30,14.00,14.04,15964001,232030720.00
2021-06-03,14.09,14.34,13.50,14.31,10986101,153158432.00
2021-06-04,13.92,14.34,13.61,13.86,8023800,112389960.00
2021-06-07,13.86,13.99,13.34,13.56,8106550,110153136.00
2021-06-08,13.60,14.92,13.45,14.92,11252989,161068096.00
2021-06-09,15.36,15.60,14.20,14.31,11913450,174359056.00
2021-06-10,14.62,14.69,13.86,14.19,7753900,109323208.00
2021-06-11,13.93,15.61,13.85,15.61,14101950,213295472.00
2021-06-15,15.52,15.52,14.05,14.43,13628500,196220048.00
2021-06-16,14.30,15.64,13.50,14.82,12440807,182144752.00
2021-06-17,14.97,16.30,14.70,16.04,19430206,311358912.00
2021-06-18,15.55,16.00,14.93,15.68,16531756,254324224.00
2021-06-21,15.32,16.74,14.98,16.68,16693350,266793040.00
2021-06-22,16.40,17.55,16.01,16.78,14486650,244269680.00
2021-06-23,16.67,17.05,16.25,16.37,9885250,164034016.00
2021-06-24,16.20,16.69,15.74,15.91,6956450,111617904.00
2021-06-25,15.90,16.80,15.60,16.42,9086800,148921520.00
2021-06-28,16.00,16.86,15.61,16.59,8889856,144370640.00
2021-06-29,16.50,16.85,16.18,16.46,6269750,103483144.00
2021-06-30,16.36,16.56,15.75,15.91,5578500,89286792.00
2021-07-01,15.84,16.20,15.06,15.08,5142389,80705976.00
2021-07-02,15.09,15.75,14.70,15.10,4131950,62959892.00
2021-07-05,15.00,15.41,14.85,15.15,3458400,52228168.00
2021-07-06,15.00,15.13,14.09,14.26,8142139,117758408.00
2021-07-07,14.28,14.47,13.97,14.12,4299850,60886368.00
2021-07-08,14.08,14.20,13.63,13.67,4656650,64493416.00
2021-07-09,13.60,14.52,13.60,14.39,6062600,86075696.00
2021-07-12,14.37,14.55,14.08,14.17,4210800,60098272.00
2021-07-13,14.18,14.40,13.80,14.05,2749600,38447624.00
2021-07-14,14.00,14.31,13.80,14.20,3488525,49185800.00
2021-07-15,14.16,14.18,13.54,13.62,3345150,45894332.00
2021-07-16,13.62,13.80,12.88,12.88,5210800,68436120.00
2021-07-19,12.85,12.90,12.39,12.72,3387150,42814472.00
2021-07-20,12.85,12.91,12.44,12.91,3211200,40863368.00
2021-07-21,13.25,13.82,13.12,13.16,4452849,59558024.00
2021-07-22,13.11,13.24,12.70,12.75,3894249,50482056.00
2021-07-23,12.78,12.87,12.25,12.30,3040450,37753056.00
2021-07-26,12.31,12.37,11.72,11.96,2895500,34756632.00
2021-07-27,11.89,12.29,11.89,11.93,2601550,31459602.00
2021-07-28,11.52,12.10,11.31,12.06,2785750,32682006.00
2021-07-29,12.18,12.41,11.85,11.86,2909200,35136388.00
2021-07-30,11.65,11.87,11.31,11.46,3261450,37732988.00
2021-08-02,11.44,11.88,11.18,11.79,3284300,38016380.00
2021-08-03,11.78,12.18,11.64,11.93,3144626,37650964.00
2021-08-04,12.07,12.80,11.98,12.17,5252824,64762308.00
2021-08-05,12.17,12.33,11.63,11.66,3480699,41546632.00
2021-08-06,11.60,11.63,11.29,11.50,2351900,26845364.00
2021-08-09,11.50,11.50,11.50,11.50,0,0.00
